Name,Role,Skill,Experience,Department
Alice Johnson,Software Engineer,Dart,5 years,Development
Bob Smith,DevOps Engineer,Infrastructure,3 years,Operations  
Carol Williams,Data Scientist,Machine Learning,7 years,Analytics
David Brown,Product Manager,Strategy,4 years,Product
Eva Davis,UX Designer,Design,6 years,Design
Frank Wilson,Security Engineer,Cybersecurity,8 years,Security
Grace Lee,QA Engineer,Testing,3 years,Quality
Henry Taylor,Backend Engineer,APIs,5 years,Development
Iris Chen,Frontend Engineer,React,4 years,Development
Jack Miller,Database Admin,SQL,6 years,Infrastructure
